Name,gender,address,city,state,home phone,personal email,work phone,work email,status
Gwendolin Ferrolli,Female,62892 Loomis Pass,Amarillo,Texas,806-912-8549,gferrolli0@ovh.net,940-997-9182,gferrolli0@goo.ne.jp,
Thayne De Lasci,Male,15 Commercial Plaza,Young America,Minnesota,952-397-5493,tdelasci1@list-manage.com,770-157-7245,tdelasci1@mysql.com,
Cristine Romeo,Female,235 Acker Lane,Houston,Texas,832-159-9882,cromeo2@alibaba.com,503-915-7195,cromeo2@go.com,
Cherie Brellin,Female,39570 Claremont Avenue,Appleton,Wisconsin,920-799-2171,cbrellin3@cloudflare.com,815-572-9373,cbrellin3@cbc.ca,
Peggy Helliar,Female,4 Elmside Circle,Colorado Springs,Colorado,719-329-4060,phelliar4@posterous.com,602-628-8957,phelliar4@blogtalkradio.com,
Addison Gentery,Male,79 Havey Crossing,Utica,New York,315-987-5140,agentery5@mayoclinic.com,571-452-6953,agentery5@google.co.uk,
Robinet Dorrian,Female,064 Killdeer Way,Columbus,Ohio,614-430-8035,rdorrian6@bandcamp.com,402-237-4540,rdorrian6@businessinsider.com,
Sherwin Rushbrooke,Male,5 Raven Pass,Augusta,Georgia,706-674-3006,srushbrooke7@constantcontact.com,260-106-6657,srushbrooke7@patch.com,
Marthe Golightly,Female,15015 Menomonie Street,Louisville,Kentucky,502-268-6522,mgolightly8@acquirethisname.com,732-257-7073,mgolightly8@etsy.com,
Austin Leyband,Male,8 Kensington Terrace,Hartford,Connecticut,860-660-8528,aleyband9@wikia.com,517-875-3595,aleyband9@opera.com,
Kinsley Whimper,Male,426 Golf View Road,Scottsdale,Arizona,480-541-5614,kwhimpera@hostgator.com,502-233-9352,kwhimpera@smugmug.com,
Onofredo Tilzey,Male,99 Redwing Circle,Naperville,Illinois,630-845-4537,otilzeyb@yellowbook.com,321-554-5301,otilzeyb@icq.com,
Shelby McGilleghole,Male,843 Tennyson Circle,Kansas City,Kansas,913-464-4189,smcgillegholec@icq.com,913-387-4200,smcgillegholec@eventbrite.com,
Gabie Pavlov,Male,6 Ludington Center,Sarasota,Florida,941-466-5263,gpavlovd@over-blog.com,918-356-4091,gpavlovd@businessinsider.com,
Letty McKeurton,Female,6 Manufacturers Crossing,Dallas,Texas,469-871-3929,lmckeurtone@desdev.cn,309-293-6337,lmckeurtone@dell.com,
Hazlett Thyng,Male,0591 Utah Trail,Richmond,Virginia,804-458-0708,hthyngf@google.fr,215-356-1020,hthyngf@parallels.com,
Sonny Dankersley,Female,96029 Fulton Junction,Des Moines,Iowa,515-504-5386,sdankersleyg@t-online.de,319-466-1101,sdankersleyg@ovh.net,
Nerita Van Oord,Female,53 Straubel Parkway,Waterbury,Connecticut,203-184-7503,nvanoordh@youku.com,916-441-3879,nvanoordh@ycombinator.com,
Melita Ansley,Female,09 Pennsylvania Place,Charleston,West Virginia,304-940-1989,mansleyi@ebay.co.uk,706-682-9604,mansleyi@t.co,
Dotti McElwee,Female,42592 Vera Drive,Shawnee Mission,Kansas,913-110-7576,dmcelweej@nature.com,812-305-9631,dmcelweej@addthis.com,
Caleb Brookson,Male,93 Mallory Place,San Francisco,California,415-117-7495,cbrooksonk@histats.com,812-874-1756,cbrooksonk@hhs.gov,
Carmina Castiglioni,Female,47065 Hudson Avenue,Rochester,Minnesota,507-843-9103,ccastiglionil@lulu.com,757-807-6517,ccastiglionil@bloglines.com,
Laetitia Sabbins,Female,3 Hagan Plaza,Washington,District of Columbia,202-258-7236,lsabbinsm@sun.com,323-518-7843,lsabbinsm@usnews.com,
Chucho Dameisele,Male,55484 South Circle,Young America,Minnesota,952-483-7058,cdameiselen@sourceforge.net,318-347-9221,cdameiselen@youku.com,
Theobald Rollings,Male,703 David Place,Boise,Idaho,208-645-8608,trollingso@symantec.com,518-861-0712,trollingso@google.co.uk,
Robbie McCritichie,Male,5553 Pond Center,Glendale,California,818-579-5919,rmccritichiep@census.gov,352-912-3117,rmccritichiep@dmoz.org,
Westbrook Hilary,Male,790 Lighthouse Bay Circle,Jeffersonville,Indiana,812-273-6675,whilaryq@hatena.ne.jp,412-653-6638,whilaryq@webmd.com,
Jaquith McVanamy,Female,87937 Upham Parkway,Dallas,Texas,469-980-9027,jmcvanamyr@plala.or.jp,303-445-9320,jmcvanamyr@prweb.com,
Katusha Siemens,Female,4919 Di Loreto Alley,Lincoln,Nebraska,402-646-0881,ksiemenss@imdb.com,936-457-4819,ksiemenss@pen.io,
Marcelle Moorwood,Female,933 Cody Hill,Charleston,West Virginia,304-312-6478,mmoorwoodt@wordpress.com,508-161-4549,mmoorwoodt@bloglines.com,
Donny Charman,Female,09 Ludington Alley,San Rafael,California,415-517-0545,dcharmanu@samsung.com,817-551-4825,dcharmanu@qq.com,
Heather Warham,Female,323 Del Mar Park,Richmond,Virginia,804-862-2629,hwarhamv@usda.gov,757-140-8384,hwarhamv@google.com.hk,
Christopher Giurio,Male,88 Oneill Pass,Brooklyn,New York,347-918-9082,cgiuriow@ebay.co.uk,260-999-0196,cgiuriow@china.com.cn,
Bobbee Pidcock,Female,96272 Maple Junction,Cincinnati,Ohio,513-371-7474,bpidcockx@comsenz.com,503-225-7446,bpidcockx@ezinearticles.com,
Seamus Sokell,Male,36146 Bowman Plaza,Virginia Beach,Virginia,757-358-1188,ssokelly@cafepress.com,402-240-2157,ssokelly@moonfruit.com,
Todd Yurin,Male,4808 Crownhardt Pass,Stamford,Connecticut,203-483-4216,tyurinz@ehow.com,205-779-3324,tyurinz@eventbrite.com,
Chrisse Tylor,Male,86 Farragut Avenue,Salt Lake City,Utah,801-529-0521,ctylor10@ihg.com,502-606-3122,ctylor10@123-reg.co.uk,
Margery Innett,Female,27 Dwight Parkway,Kansas City,Missouri,816-939-8107,minnett11@ucoz.ru,215-435-7447,minnett11@army.mil,
Donnajean Sibbering,Female,0 Corben Alley,Las Vegas,Nevada,702-405-7349,dsibbering12@trellian.com,303-766-3656,dsibbering12@earthlink.net,
Conny Mytton,Male,64 Vera Lane,Fargo,North Dakota,701-298-1021,cmytton13@reddit.com,803-241-8975,cmytton13@linkedin.com,
Kiley Finley,Male,381 Heath Place,Chicago,Illinois,312-111-9528,kfinley14@dedecms.com,704-716-6915,kfinley14@statcounter.com,
Goldia Thorpe,Female,63427 Florence Drive,Salinas,California,831-762-4763,gthorpe15@whitehouse.gov,513-853-2129,gthorpe15@shareasale.com,
Charlene Ahren,Female,789 Sycamore Terrace,Tampa,Florida,813-434-7771,cahren16@drupal.org,703-611-6067,cahren16@weebly.com,
Hale Forri,Male,291 Maple Trail,Apache Junction,Arizona,480-848-4380,hforri17@usatoday.com,808-965-0373,hforri17@printfriendly.com,
Reba di Rocca,Female,8810 Pankratz Place,Grand Rapids,Michigan,616-123-4230,rdirocca18@cmu.edu,801-748-5319,rdirocca18@phpbb.com,
Vincenty Goodsal,Male,196 East Drive,Sioux Falls,South Dakota,605-688-5961,vgoodsal19@about.me,612-578-0294,vgoodsal19@sitemeter.com,
Julianne Macak,Female,66 Charing Cross Road,Houston,Texas,281-337-3762,jmacak1a@go.com,323-395-0040,jmacak1a@cbslocal.com,
Rora Partlett,Female,44 Heffernan Court,Herndon,Virginia,757-539-9020,rpartlett1b@reverbnation.com,518-181-4755,rpartlett1b@digg.com,
Zebulon Barnwill,Male,05678 Schurz Lane,Waltham,Massachusetts,617-404-4815,zbarnwill1c@mozilla.com,937-564-7192,zbarnwill1c@feedburner.com,
Tan Heaney`,Male,113 Milwaukee Avenue,Topeka,Kansas,785-827-0867,theaney1d@cpanel.net,504-836-9044,theaney1d@usnews.com,
Berni Barnaby,Female,5 Cambridge Avenue,Washington,District of Columbia,202-622-7779,bbarnaby1e@forbes.com,336-580-6494,bbarnaby1e@google.ru,
Abby Ducket,Male,0 Crowley Park,Baltimore,Maryland,410-469-7017,aducket1f@deviantart.com,810-946-9925,aducket1f@webs.com,
Derrek Soldan,Male,13 Old Gate Pass,Tucson,Arizona,520-724-0595,dsoldan1g@canalblog.com,423-318-5235,dsoldan1g@weather.com,
Colet Bullar,Male,13623 Ridge Oak Parkway,Saint Louis,Missouri,314-316-8190,cbullar1h@nhs.uk,419-222-2147,cbullar1h@independent.co.uk,
Kinsley Tattersill,Male,8084 Nobel Court,Metairie,Louisiana,504-864-6447,ktattersill1i@simplemachines.org,309-521-3247,ktattersill1i@ovh.net,
Katherine Gillow,Female,5 Surrey Alley,Springfield,Illinois,217-176-3210,kgillow1j@hp.com,337-928-4346,kgillow1j@un.org,
Nanette McGinty,Female,599 Pankratz Place,Washington,District of Columbia,202-171-8843,nmcginty1k@nba.com,806-342-1991,nmcginty1k@auda.org.au,
Muffin Thying,Female,12131 Grim Road,Syracuse,New York,315-810-0141,mthying1l@uol.com.br,559-933-8866,mthying1l@uiuc.edu,
Deerdre Radoux,Female,357 Nancy Pass,Birmingham,Alabama,205-300-1573,dradoux1m@php.net,480-297-8619,dradoux1m@vistaprint.com,
Mikel Vella,Male,44924 Maywood Point,Inglewood,California,310-408-5548,mvella1n@samsung.com,210-902-8867,mvella1n@wordpress.com,
Allistir Dochon,Male,2 Manley Place,Washington,District of Columbia,202-237-5452,adochon1o@wp.com,754-921-3750,adochon1o@technorati.com,
Louella Filippazzo,Female,16 Anderson Terrace,Shawnee Mission,Kansas,913-835-5021,lfilippazzo1p@usnews.com,716-623-0460,lfilippazzo1p@tinyurl.com,
Caressa Vondracek,Female,85074 Reinke Point,Dallas,Texas,214-166-9414,cvondracek1q@sina.com.cn,517-386-0297,cvondracek1q@mozilla.org,
Ariana Barzen,Female,52 Katie Lane,Ridgely,Maryland,410-292-8244,abarzen1r@oaic.gov.au,561-915-5183,abarzen1r@un.org,
Lenci Ales,Male,094 Bultman Road,Washington,District of Columbia,202-956-6231,lales1s@addtoany.com,816-638-8882,lales1s@mashable.com,
Jeramey Fearney,Male,38588 Gina Alley,Roanoke,Virginia,540-498-8302,jfearney1t@ning.com,516-172-9720,jfearney1t@typepad.com,
Melisande Conaghy,Female,35 Dovetail Trail,Dayton,Ohio,937-531-5094,mconaghy1u@sun.com,304-681-5499,mconaghy1u@intel.com,
Arron Gerretsen,Male,505 Messerschmidt Hill,Madison,Wisconsin,608-149-8066,agerretsen1v@rambler.ru,757-802-2241,agerretsen1v@accuweather.com,
Brittan Farreil,Female,85865 Ridgeview Avenue,Las Cruces,New Mexico,505-253-5192,bfarreil1w@exblog.jp,831-988-9352,bfarreil1w@ifeng.com,
Alair Longstaff,Male,57 South Trail,Elizabeth,New Jersey,908-787-7487,alongstaff1x@sakura.ne.jp,202-847-1641,alongstaff1x@weather.com,
Kania Clac,Female,071 Southridge Circle,New Orleans,Louisiana,504-973-6304,kclac1y@storify.com,405-399-4880,kclac1y@squidoo.com,
Derk Serris,Male,482 Dwight Street,Beaumont,Texas,409-764-5070,dserris1z@wired.com,412-996-7207,dserris1z@pinterest.com,
Garv Tunmore,Male,708 Cordelia Plaza,South Bend,Indiana,574-236-1629,gtunmore20@qq.com,607-322-7867,gtunmore20@businesswire.com,
Perceval Worgan,Male,0759 Warner Park,Lake Worth,Florida,561-299-1286,pworgan21@virginia.edu,971-904-7185,pworgan21@desdev.cn,
Irvin Liver,Male,0004 West Junction,Saint Cloud,Minnesota,320-891-1832,iliver22@symantec.com,205-205-4710,iliver22@ow.ly,
Cordell Linfield,Male,45173 6th Trail,Phoenix,Arizona,602-997-0032,clinfield23@paypal.com,859-192-8479,clinfield23@w3.org,
Patton Bartosik,Male,5 Victoria Place,Buffalo,New York,716-631-1275,pbartosik24@miitbeian.gov.cn,704-124-6773,pbartosik24@nationalgeographic.com,
Audre Jamieson,Female,32 Pawling Road,Buffalo,New York,716-689-0277,ajamieson25@google.nl,251-297-0598,ajamieson25@ycombinator.com,
Fredric Sleightholm,Male,9133 Oak Avenue,Arlington,Texas,214-598-7830,fsleightholm26@theglobeandmail.com,971-925-9665,fsleightholm26@wikia.com,
Rouvin Ivermee,Male,427 Di Loreto Way,Pittsburgh,Pennsylvania,724-661-9914,rivermee27@so-net.ne.jp,810-928-4177,rivermee27@themeforest.net,
Lurette Gravell,Female,66 Shelley Pass,Rochester,Minnesota,507-272-8297,lgravell28@com.com,916-398-5759,lgravell28@jalbum.net,
Raoul Battin,Male,58318 Homewood Court,Paterson,New Jersey,973-302-5540,rbattin29@rambler.ru,862-823-4835,rbattin29@imdb.com,
Rowland Rexworthy,Male,72029 Towne Pass,Humble,Texas,713-339-4832,rrexworthy2a@ox.ac.uk,719-748-2524,rrexworthy2a@miibeian.gov.cn,
Doris Garvagh,Female,00 Forest Run Lane,Charlotte,North Carolina,704-864-1384,dgarvagh2b@wikimedia.org,786-555-5737,dgarvagh2b@amazon.de,
Denny Brittoner,Male,509 Meadow Valley Pass,Vero Beach,Florida,772-859-5365,dbrittoner2c@360.cn,651-533-4152,dbrittoner2c@redcross.org,
Selle Seabrook,Female,66 Division Lane,Tampa,Florida,813-466-9306,sseabrook2d@furl.net,682-151-1469,sseabrook2d@biblegateway.com,
Billie Habershaw,Male,33673 Hanson Drive,Montgomery,Alabama,334-524-3965,bhabershaw2e@army.mil,612-787-0537,bhabershaw2e@chicagotribune.com,
Feodora Comi,Female,6065 Schmedeman Road,Gainesville,Florida,352-196-9190,fcomi2f@goo.gl,415-584-7210,fcomi2f@google.pl,
Joelle Busen,Female,58127 Farragut Center,Chula Vista,California,619-962-9361,jbusen2g@cdc.gov,952-516-7636,jbusen2g@hexun.com,
Royal Joist,Male,22614 Reinke Trail,Canton,Ohio,330-293-0228,rjoist2h@people.com.cn,863-935-8840,rjoist2h@i2i.jp,
Yolane Cossem,Female,40 Judy Plaza,Flint,Michigan,810-946-4241,ycossem2i@amazon.com,202-157-8910,ycossem2i@ow.ly,
Betsey Hair,Female,255 New Castle Junction,Jamaica,New York,718-294-2762,bhair2j@theatlantic.com,-5208,bhair2j@drupal.org,
Zacharia Catto,Male,682 Weeping Birch Street,Vancouver,Washington,360-773-4574,zcatto2k@jigsy.com,706-806-0829,zcatto2k@blog.com,
Noell Thorne,Female,1 Rusk Place,Memphis,Tennessee,901-719-4148,nthorne2l@mtv.com,603-321-8267,nthorne2l@noaa.gov,
Cheston Robarts,Male,47 Florence Road,Charlotte,North Carolina,704-284-3504,crobarts2m@google.fr,864-894-1440,crobarts2m@dot.gov,
Sholom Whittlesee,Male,03175 Rutledge Alley,Whittier,California,562-453-6227,swhittlesee2n@mapquest.com,405-182-0972,swhittlesee2n@bloglovin.com,
Sanson Danaher,Male,1 2nd Road,Topeka,Kansas,785-800-1867,sdanaher2o@simplemachines.org,239-279-2685,sdanaher2o@mapy.cz,
Gardner Cowlam,Male,8463 Briar Crest Lane,Dulles,Virginia,571-603-7732,gcowlam2p@berkeley.edu,786-193-0565,gcowlam2p@salon.com,
Verena Tarren,Female,84 Dottie Plaza,Omaha,Nebraska,402-474-1338,vtarren2q@sogou.com,512-232-8854,vtarren2q@prweb.com,
Brad Philipps,Male,64 Lyons Street,Pueblo,Colorado,719-276-0266,bphilipps2r@indiegogo.com,936-123-2529,bphilipps2r@zdnet.com,
